id,fake,real
TEST_24493,0.08521581,0.91478425
TEST_23890,0.60493445,0.39506552
TEST_33227,0.7948855,0.20511444
TEST_45990,0.04342754,0.9565725
TEST_30181,0.16550218,0.83449787
TEST_37243,0.074796245,0.9252038
TEST_00084,0.008872663,0.9911273
TEST_04933,0.00029495207,0.999705
TEST_40622,9.0344634e-05,0.99990964
TEST_00314,0.99959975,0.00040030872
TEST_39513,0.00013100731,0.999869
TEST_16575,0.9423305,0.057669535
TEST_08475,0.0012779373,0.998722
TEST_15894,0.9999995,4.7982735e-07
TEST_15399,0.9319344,0.068065576
TEST_26741,0.25274354,0.7472565
TEST_27220,0.9999776,2.2415357e-05
TEST_43471,0.0038465466,0.9961534
TEST_36868,0.49502134,0.50497866
TEST_16090,0.9997181,0.00028183678
TEST_11142,0.8478828,0.15211724
TEST_29026,0.5654703,0.4345297
TEST_43630,0.6523192,0.34768078
TEST_05780,0.00028291176,0.99971706
TEST_27855,0.8859078,0.11409219
TEST_23673,0.029031806,0.9709682
TEST_48109,0.0013664099,0.99863356
TEST_45556,0.0014596302,0.9985404
TEST_39460,0.011319109,0.98868084
TEST_10804,0.004652508,0.99534756
TEST_37159,0.29717258,0.70282745
TEST_31015,0.00019062041,0.99980944
TEST_11117,0.018684873,0.9813151
TEST_27175,0.034434024,0.9655659
TEST_19820,0.0010781237,0.9989219
TEST_43710,0.015986517,0.9840135
TEST_12689,0.0006848057,0.99931514
TEST_13004,0.008587263,0.99141276
TEST_01882,0.014454426,0.9855456
TEST_49261,0.012664837,0.9873352
TEST_22847,0.7026792,0.29732078
TEST_32136,0.0030557138,0.99694425
TEST_06465,0.69003075,0.30996928
TEST_33828,0.87064755,0.12935244
TEST_49621,0.6893411,0.3106589
TEST_46747,0.032769263,0.9672307
TEST_49693,0.8862069,0.11379301
TEST_20495,0.052217357,0.94778264
TEST_05219,0.67138535,0.32861465
TEST_38048,0.0017201311,0.9982799
TEST_49981,0.009405737,0.99059427
TEST_44797,6.494847e-05,0.99993503
TEST_38942,0.0059221187,0.9940779
TEST_49778,0.95142925,0.048570726
TEST_31845,0.021837432,0.9781626
TEST_10112,0.0012501463,0.99874985
TEST_29940,0.0043670963,0.9956328
TEST_21688,0.041145887,0.9588541
TEST_20492,0.14350513,0.8564949
TEST_19850,0.3220105,0.67798954
TEST_41993,0.0012318159,0.99876815
TEST_16096,0.25457352,0.74542654
TEST_43722,0.011217302,0.9887827
TEST_48423,0.9989141,0.0010859278
TEST_46471,0.3640135,0.6359865
TEST_28912,0.8172718,0.18272814
TEST_02740,0.9828184,0.017181579
TEST_43973,0.6077548,0.3922451
TEST_05888,0.23067726,0.7693227
TEST_36846,0.0040782755,0.99592173
TEST_16816,0.00011481606,0.9998852
TEST_08466,0.8951334,0.10486659
TEST_23445,0.94114196,0.058858015
TEST_49991,0.37880826,0.62119174
TEST_32364,0.0002931693,0.9997068
TEST_26457,0.021939764,0.9780602
TEST_02114,0.9426579,0.0573421
TEST_29462,0.15203935,0.8479607
TEST_29725,0.10504286,0.8949572
TEST_35156,0.99940693,0.00059306854
TEST_20372,0.0018063053,0.9981937
TEST_20933,0.03515602,0.9648439
TEST_30481,0.48448822,0.51551175
TEST_44182,0.99993014,6.981849e-05
TEST_28095,0.2030181,0.7969819
TEST_03678,0.48789632,0.5121037
TEST_42144,0.07479984,0.9252002
TEST_25135,0.01546566,0.9845344
TEST_03077,0.10270388,0.89729613
TEST_09891,0.4806634,0.51933664
TEST_34750,0.52234405,0.47765595
TEST_17352,9.15688e-05,0.99990845
TEST_43784,0.012398759,0.9876013
TEST_26095,0.30058292,0.69941705
TEST_47713,0.7901613,0.20983869
TEST_26637,0.98945415,0.010545851
TEST_30328,0.00012077281,0.99987924
TEST_17930,0.0017663806,0.99823356
TEST_36476,0.49019724,0.5098027
TEST_01374,3.524442e-05,0.9999647
TEST_14667,0.0065345084,0.9934655
TEST_10600,0.626681,0.37331894
TEST_18375,0.06939707,0.9306029
TEST_06064,0.37524602,0.624754
TEST_15417,0.34242827,0.6575717
TEST_39221,0.00012845414,0.9998715
TEST_03731,9.96173e-05,0.99990034
TEST_00315,0.21171716,0.7882828
TEST_07482,0.880113,0.119887024
TEST_44832,0.036104605,0.9638954
TEST_27274,0.00056235417,0.99943763
TEST_33392,0.00047258366,0.99952745
TEST_43725,0.0060141254,0.9939859
TEST_43769,0.004350599,0.9956494
TEST_27073,0.44116879,0.5588313
TEST_11788,3.4933265e-07,0.99999964
TEST_14707,0.7795001,0.2204999
TEST_37639,0.9999598,4.0228857e-05
TEST_26067,0.96177477,0.038225275
TEST_06002,0.00449197,0.9955081
TEST_08708,0.0031619756,0.996838
TEST_06150,0.004780403,0.9952195
TEST_39144,0.99057347,0.009426552
TEST_00012,0.018012548,0.9819874
TEST_26659,0.0012505976,0.9987494
TEST_45150,0.05692971,0.94307023
TEST_42390,0.15338919,0.84661084
TEST_24311,0.77285284,0.22714715
TEST_23787,0.16377822,0.83622175
TEST_28153,0.050076384,0.9499236
TEST_16167,0.89704025,0.102959804
TEST_28200,0.0005441619,0.99945587
TEST_23118,0.99997604,2.3968656e-05
TEST_22566,0.0046539744,0.995346
TEST_36166,0.0090439245,0.9909561
TEST_00903,0.0021303196,0.9978696
TEST_44665,0.018000618,0.9819994
TEST_13901,0.0012258324,0.9987741
TEST_42589,0.12991127,0.8700887
TEST_21743,0.36675286,0.63324714
TEST_27142,0.001675726,0.9983242
TEST_34215,0.26932737,0.73067266
TEST_08918,0.00050846324,0.9994916
TEST_43749,0.9999385,6.150603e-05
TEST_20257,0.002474283,0.99752575
TEST_02603,0.009103601,0.9908964
TEST_15169,0.35289338,0.64710665
TEST_32300,0.29969606,0.700304
TEST_18530,0.999974,2.6018148e-05
TEST_44680,0.9311598,0.06884018
TEST_36201,0.99997115,2.8818396e-05
TEST_06636,0.5853705,0.4146295
TEST_23804,0.5131558,0.4868442
TEST_28795,0.009018392,0.99098164
TEST_41244,0.8184488,0.18155119
TEST_02063,0.23304977,0.76695025
TEST_48823,0.23344722,0.7665528
TEST_17601,0.9991886,0.0008113888
TEST_00880,0.44089442,0.5591055
TEST_25786,0.11123389,0.8887661
TEST_39970,0.00051264814,0.9994873
TEST_06811,0.0007052766,0.99929476
TEST_01337,0.00061253714,0.9993875
TEST_08172,0.07249637,0.92750365
TEST_41973,0.0019781054,0.99802196
TEST_09664,0.005502005,0.99449795
TEST_07437,0.4961411,0.50385886
TEST_15371,0.058229484,0.9417705
TEST_11181,0.08843168,0.9115683
TEST_41413,0.3789315,0.6210685
TEST_29892,0.020911947,0.97908807
TEST_15428,0.9660473,0.03395269
TEST_11506,0.5139872,0.48601285
TEST_04446,0.062341966,0.9376581
TEST_36493,4.899561e-05,0.999951
TEST_36119,0.57712746,0.42287254
TEST_44498,0.9978853,0.002114669
TEST_22400,0.34512454,0.65487546
TEST_17179,0.82151365,0.17848638
TEST_46355,0.9999926,7.425599e-06
TEST_19778,0.009651849,0.9903481
TEST_24693,0.008301269,0.99169874
TEST_16942,0.84040266,0.15959732
TEST_21817,0.99085367,0.009146318
TEST_00790,0.9439375,0.056062493
TEST_10659,0.004583779,0.99541616
TEST_13377,0.09624474,0.9037553
TEST_31449,0.021275304,0.97872466
TEST_21507,0.42526582,0.57473415
TEST_27769,0.009348503,0.9906515
TEST_30737,0.8048229,0.19517714
TEST_10180,0.6360866,0.3639134
TEST_15768,0.17286769,0.8271323
TEST_17898,0.02492574,0.9750743
TEST_47059,0.013534478,0.9864655
TEST_02817,0.026097627,0.9739024
TEST_44354,0.0051718755,0.99482816
TEST_45814,0.13678007,0.8632199
TEST_45092,0.00022140307,0.99977857
TEST_25251,0.00031970613,0.9996803
TEST_41046,5.8018857e-05,0.99994195
TEST_04494,0.8995458,0.100454226
TEST_34340,0.005113472,0.9948866
TEST_36066,0.03533644,0.96466357
TEST_01724,0.7265559,0.27344412
TEST_18137,8.43172e-05,0.9999157
TEST_32282,0.06642371,0.93357635
TEST_04226,0.006947153,0.9930528
TEST_21011,0.008551419,0.9914486
TEST_03365,0.2970004,0.7029996
TEST_21540,0.32450646,0.67549354
TEST_21177,0.8651071,0.1348929
TEST_33773,0.1912402,0.8087598
TEST_18466,0.71782833,0.28217167
TEST_25404,0.9987205,0.0012794805
TEST_44978,0.99999094,9.087821e-06
TEST_44357,0.92031956,0.07968048
TEST_32021,0.5147978,0.48520216
TEST_14271,0.0017483132,0.9982516
TEST_28582,0.561554,0.438446
TEST_29859,0.7127566,0.28724343
TEST_18870,0.013669205,0.98633075
TEST_00412,0.0097209355,0.990279
TEST_37353,0.9919355,0.008064532
TEST_33652,0.05160818,0.9483918
TEST_46300,0.03523913,0.96476084
TEST_39344,0.00059381855,0.9994062
TEST_33892,0.73931485,0.26068515
TEST_02572,0.32401088,0.6759891
TEST_22635,0.99387205,0.0061279517
TEST_13182,0.9990101,0.0009898626
TEST_06548,0.002067863,0.9979322
TEST_24110,0.00851416,0.9914859
TEST_11702,0.0001078369,0.9998921
TEST_24176,0.2369561,0.7630438
TEST_08506,0.045107085,0.9548929
TEST_24477,0.28993168,0.71006835
TEST_27205,0.99720156,0.0027984723
TEST_20558,0.3765434,0.62345654
TEST_39311,0.031711504,0.96828854
TEST_00294,0.96194845,0.038051493
TEST_32158,3.9643503e-08,1.0
TEST_16958,0.0063748662,0.99362516
TEST_20771,7.701704e-05,0.999923
TEST_08433,0.9307171,0.06928296
TEST_32799,0.8040972,0.19590281
TEST_32336,0.00076598,0.9992341
TEST_07607,0.05003614,0.9499638
TEST_25051,0.0012456896,0.99875426
TEST_22883,0.0737714,0.9262286
TEST_49054,0.5668106,0.4331894
TEST_00632,0.5986977,0.40130225
TEST_09735,0.07346885,0.92653114
TEST_11172,0.3871568,0.61284316
TEST_25527,0.46548486,0.53451514
TEST_38172,0.8380447,0.16195524
TEST_41677,0.73807085,0.26192915
TEST_02207,0.64668655,0.35331342
TEST_03426,0.0004220071,0.99957794
TEST_04675,0.7278499,0.27215004
TEST_47125,0.9931606,0.0068394197
TEST_33401,0.08907412,0.91092587
TEST_39750,0.5671162,0.43288377
TEST_12026,0.00061059085,0.9993894
TEST_04026,0.0003477658,0.99965227
TEST_41405,0.9999517,4.830546e-05
TEST_20385,0.0014465082,0.99855345
TEST_22539,0.94245243,0.057547536
TEST_16462,0.87415844,0.12584159
TEST_29484,0.99997413,2.5843316e-05
TEST_39213,0.9222152,0.0777848
TEST_44038,0.024977136,0.97502285
TEST_16368,0.29498222,0.70501775
TEST_08048,0.09035255,0.90964746
TEST_21987,0.63152397,0.36847603
TEST_43820,0.00013494876,0.99986506
TEST_07817,0.0014120936,0.9985879
TEST_47471,0.3590838,0.6409162
TEST_37458,0.683207,0.31679302
TEST_14824,0.7753376,0.2246625
TEST_16431,0.14432272,0.85567725
TEST_32678,0.7857923,0.21420771
TEST_43327,0.7878316,0.21216841
TEST_12835,6.380867e-06,0.99999356
TEST_27077,0.0003060496,0.999694
TEST_49508,0.57129866,0.4287013
TEST_39025,0.0016798476,0.99832016
TEST_38727,0.8507076,0.14929241
TEST_12510,0.002210349,0.9977896
TEST_43596,0.37201655,0.62798345
TEST_21862,0.0003988856,0.9996012
TEST_35847,0.0016925152,0.99830747
TEST_17882,0.30257934,0.69742066
TEST_02299,0.99949694,0.00050301617
TEST_27263,0.22418527,0.7758148
TEST_23935,0.07846167,0.92153835
TEST_30870,0.45880863,0.54119134
TEST_09590,0.32784355,0.67215645
TEST_39789,0.9835175,0.016482407
TEST_06537,0.069956034,0.930044
TEST_01513,0.035606068,0.9643939
TEST_18597,0.12719393,0.8728061
TEST_39055,2.8545997e-05,0.9999715
TEST_34682,0.6283686,0.37163135
TEST_28030,0.07535918,0.92464083
TEST_36606,0.9764132,0.02358679
TEST_41154,0.2843651,0.7156349
TEST_14164,0.0020646045,0.9979354
TEST_41114,0.65963143,0.34036863
TEST_16848,0.85018253,0.1498175
TEST_40771,0.24356438,0.75643563
TEST_10214,0.6801765,0.3198235
TEST_03259,0.0010447531,0.99895525
TEST_28498,0.18806596,0.811934
TEST_49022,0.6988246,0.30117542
TEST_43827,0.015789613,0.9842104
TEST_26959,0.7647827,0.23521732
TEST_19103,0.9793505,0.020649461
TEST_01641,0.0464484,0.9535516
TEST_15007,0.25688156,0.74311846
TEST_31477,0.04110755,0.95889246
TEST_09262,0.039801124,0.9601988
TEST_27459,0.39128458,0.60871536
TEST_42724,0.040161975,0.95983803
TEST_18362,0.007993358,0.9920067
TEST_32361,0.37536296,0.624637
TEST_27260,0.0008317707,0.9991683
TEST_28295,0.053608663,0.9463913
TEST_23070,0.0013857516,0.9986142
TEST_43788,0.3962235,0.6037765
TEST_38699,0.004337622,0.9956624
TEST_45905,0.0098427385,0.99015725
TEST_21795,0.18831661,0.81168336
TEST_44885,0.87385154,0.12614843
TEST_40254,0.008095563,0.99190444
TEST_30456,8.284812e-06,0.9999918
TEST_17061,0.9943131,0.0056868778
TEST_17050,0.025313871,0.97468615
TEST_35689,0.006664807,0.9933351
TEST_05753,0.93632555,0.06367442
TEST_33883,0.0046322723,0.99536777
TEST_28435,0.0066847787,0.9933153
TEST_46476,0.053128786,0.9468713
TEST_37171,8.996671e-05,0.99991
TEST_18250,0.315113,0.684887
TEST_25047,0.042062003,0.95793796
TEST_31380,0.010144451,0.9898555
TEST_16761,0.003757177,0.9962429
TEST_17450,0.9463948,0.053605184
TEST_35791,0.0066634845,0.99333656
TEST_26705,0.024533162,0.97546685
TEST_43342,0.0006989575,0.9993011
TEST_21882,0.00014366493,0.99985635
TEST_22386,0.9999205,7.951771e-05
TEST_23081,0.44931868,0.55068135
TEST_46157,0.020507788,0.9794922
TEST_35592,0.034149107,0.9658509
TEST_31310,0.17326868,0.8267313
TEST_42066,0.0013386848,0.9986613
TEST_22746,0.0042189485,0.99578106
TEST_13590,0.00018235738,0.99981767
TEST_07609,0.17622638,0.8237736
TEST_41518,0.00052756694,0.99947244
TEST_05166,5.554362e-05,0.99994445
TEST_46627,0.043882065,0.956118
TEST_25452,0.14545886,0.8545411
TEST_25330,0.009338582,0.99066144
TEST_12946,0.2232012,0.7767988
TEST_17365,0.46417335,0.5358267
TEST_44433,0.9996092,0.00039084023
TEST_32087,0.0029845012,0.9970155
TEST_34604,0.10499226,0.8950078
TEST_05115,0.0025642996,0.99743575
TEST_11683,0.7158629,0.28413713
TEST_03255,0.68367326,0.3163267
TEST_10359,0.0059902137,0.99400985
TEST_09008,0.9243063,0.075693764
TEST_30961,0.0069386517,0.99306136
TEST_26960,0.55213886,0.4478611
TEST_20021,0.98021585,0.01978418
TEST_10024,0.9135728,0.08642724
TEST_35136,0.00013596228,0.999864
TEST_24045,0.0011733556,0.9988267
TEST_15810,0.9591133,0.040886767
TEST_49587,0.100534566,0.89946544
TEST_08141,0.035430636,0.9645694
TEST_01571,0.7247348,0.2752652
TEST_31119,0.0002103529,0.99978966
TEST_44858,0.16034174,0.8396583
TEST_04839,0.016015638,0.9839843
TEST_10051,0.012754275,0.9872457
TEST_25948,0.00012500404,0.99987495
TEST_30485,0.9926076,0.007392416
TEST_17853,0.07358896,0.9264111
TEST_13418,0.032931704,0.9670683
TEST_36110,0.08760421,0.9123958
TEST_45470,0.00018778667,0.9998122
TEST_03450,0.0051477025,0.99485236
TEST_28869,0.36721113,0.63278884
TEST_37947,0.00039883953,0.9996012
TEST_01869,0.005126562,0.99487346
TEST_36834,0.022458006,0.9775419
TEST_06030,0.011819462,0.9881805
TEST_42486,0.99964,0.0003600099
TEST_47766,0.67530894,0.3246911
TEST_37154,0.0037521953,0.9962478
TEST_02325,0.99989855,0.000101383
TEST_02719,0.27447483,0.7255252
TEST_44113,0.83952767,0.16047236
TEST_27937,0.065115005,0.93488497
TEST_31971,0.0016088386,0.9983911
TEST_02823,0.88306075,0.11693926
TEST_27608,0.17741297,0.8225871
TEST_35066,0.21999036,0.7800097
TEST_42055,0.14024043,0.85975957
TEST_39052,0.90952134,0.09047868
TEST_18890,1.9144101e-05,0.9999808
TEST_23595,0.17574951,0.82425046
TEST_39468,0.0024583382,0.99754167
TEST_21538,0.8400432,0.15995684
TEST_01820,0.008343646,0.9916564
TEST_44271,0.0009664181,0.9990336
TEST_46339,0.0039057268,0.9960943
TEST_44633,0.9248851,0.07511489
TEST_48587,0.00023495454,0.9997651
TEST_24112,0.319834,0.680166
TEST_41330,0.9748309,0.025169099
TEST_40798,0.60186493,0.39813507
TEST_45195,0.9981135,0.0018865105
TEST_21242,0.0010724405,0.99892753
TEST_35662,0.99924695,0.00075309514
TEST_29500,0.024915949,0.97508407
TEST_21191,0.022838335,0.9771616
TEST_33252,0.23155212,0.7684479
TEST_41591,0.00021974585,0.99978024
TEST_08140,0.03983401,0.960166
TEST_47163,0.0004122118,0.99958783
TEST_44223,0.0026620077,0.997338
TEST_20167,0.9649895,0.03501051
TEST_03316,0.39755687,0.6024431
TEST_37927,0.6793089,0.32069114
TEST_38249,0.9430363,0.05696364
TEST_49012,0.014180989,0.985819
TEST_30670,0.004914236,0.9950858
TEST_18996,0.33893505,0.661065
TEST_29846,0.3994684,0.60053164
TEST_45234,0.58327276,0.41672727
TEST_40395,9.111726e-05,0.9999089
TEST_41579,0.0019501555,0.99804986
TEST_27199,0.005712271,0.9942878
TEST_20369,0.00084441074,0.99915564
TEST_20524,0.00012418118,0.9998758
TEST_47677,0.2988457,0.7011543
TEST_12213,0.9276235,0.07237648
TEST_36024,0.00014858464,0.99985135
TEST_20332,1.5475429e-05,0.9999845
TEST_43724,1.5620917e-05,0.9999844
TEST_28954,0.87487054,0.12512942
TEST_14263,0.1486675,0.8513325
TEST_26955,0.0012962644,0.9987037
TEST_33284,0.8626698,0.1373302
TEST_21389,0.99986875,0.00013124137
TEST_19934,0.97133744,0.028662607
TEST_35340,0.07725121,0.9227488
TEST_47606,0.81057966,0.1894203
TEST_22525,0.7230125,0.27698746
TEST_34824,1.2090855e-07,0.9999999
TEST_13837,0.0206697,0.97933024
TEST_25041,0.06940013,0.93059987
TEST_36480,0.007844264,0.99215573
TEST_32190,6.140143e-05,0.9999386
TEST_06844,0.99984217,0.0001578099
TEST_39194,0.38375312,0.6162469
TEST_08790,0.9382669,0.061733093
TEST_14048,0.8994222,0.10057779
TEST_30803,0.97991383,0.02008615
TEST_20134,0.05929084,0.9407091
TEST_07596,0.027330939,0.972669
TEST_04665,0.69331187,0.3066881
TEST_40107,0.18746749,0.8125325
TEST_04096,0.32846484,0.6715352
TEST_41887,0.010817771,0.9891823
TEST_36626,0.31657165,0.68342835
TEST_06460,0.18233274,0.81766725
TEST_35919,0.0037840519,0.996216
TEST_05459,0.99974614,0.0002538326
TEST_17935,0.0014839415,0.998516
TEST_07104,0.0006611821,0.9993388
TEST_14334,0.5396265,0.46037352
TEST_06823,0.47556624,0.5244338
TEST_29917,0.5445686,0.4554314
TEST_28924,0.0005913537,0.9994086
TEST_21437,0.43778884,0.56221116
TEST_00074,0.49692404,0.50307596
TEST_25621,0.0002975352,0.9997024
TEST_26392,0.007426611,0.9925734
TEST_48461,0.43648893,0.56351113
TEST_40097,0.30562302,0.694377
TEST_35656,0.0048399125,0.99516004
TEST_12337,0.97670764,0.023292365
TEST_23947,0.05187759,0.94812244
TEST_06072,0.0094609875,0.99053895
TEST_38198,0.02200294,0.977997
TEST_10250,0.039278,0.960722
TEST_49311,0.00025835744,0.9997416
TEST_19248,0.0011429894,0.998857
TEST_43874,0.7878687,0.21213128
TEST_40449,0.053002413,0.9469976
TEST_41260,0.005234135,0.9947659
TEST_43805,0.20489293,0.795107
TEST_33624,0.07316526,0.92683476
TEST_18015,0.4231608,0.5768392
TEST_17181,0.81564975,0.1843502
TEST_21800,0.9776318,0.022368213
TEST_05437,0.0014631205,0.9985368
TEST_02587,4.0147374e-05,0.9999598
TEST_09054,0.98193914,0.018060874
TEST_18939,0.21571241,0.7842876
TEST_19352,0.01039233,0.98960763
TEST_18904,0.45849222,0.5415077
TEST_15246,0.012139699,0.98786026
TEST_26652,0.0014581659,0.99854183
TEST_09804,0.2513599,0.74864006
TEST_40700,0.67197067,0.32802936
TEST_09311,0.08225999,0.91774
TEST_27528,8.998061e-05,0.99991
TEST_19130,0.0009295142,0.99907047
TEST_37371,0.9989999,0.0010001328
TEST_38131,1.936163e-06,0.9999981
TEST_23055,0.813016,0.18698403
TEST_16852,0.23217925,0.7678207
TEST_25369,0.00023342522,0.9997665
TEST_45901,0.8893319,0.110668056
TEST_04112,0.9915985,0.008401546
TEST_01288,0.7260435,0.27395648
TEST_45833,0.00019612002,0.99980396
TEST_14533,0.07029549,0.9297044
TEST_33572,0.013837389,0.9861626
TEST_32604,0.6186309,0.38136914
TEST_19838,4.217001e-05,0.9999578
TEST_29343,0.46372542,0.5362746
TEST_37401,0.061809648,0.9381904
TEST_38805,0.0060870983,0.9939129
TEST_40982,0.9072171,0.09278299
TEST_07972,0.68538314,0.31461683
TEST_32752,0.00095393514,0.999046
TEST_41946,0.8504117,0.14958832
TEST_00816,0.9822061,0.017793903
TEST_23954,0.008960288,0.9910397
TEST_18192,1.9130195e-05,0.9999809
TEST_29508,0.0032837382,0.99671626
TEST_24791,0.15861955,0.8413805
TEST_31759,0.6143566,0.38564336
TEST_36204,0.056327213,0.9436727
TEST_11970,0.9999974,2.6422433e-06
TEST_39598,3.157277e-05,0.9999684
TEST_10905,0.014148948,0.9858511
TEST_18033,0.00040179098,0.9995982
TEST_39898,0.00055102585,0.99944896
TEST_19755,0.9286865,0.07131351
TEST_37753,0.20553958,0.7944604
TEST_21716,0.31994414,0.6800559
TEST_40009,0.016898079,0.9831019
TEST_06018,0.98699874,0.013001239
TEST_35051,0.99989176,0.000108192246
TEST_34047,0.6536129,0.3463871
TEST_35798,0.50993186,0.49006808
TEST_28540,0.98577684,0.014223156
TEST_24984,0.4027663,0.59723365
TEST_31800,0.99999845,1.5237933e-06
TEST_43207,0.7768987,0.2231013
TEST_48203,0.0077031045,0.9922969
TEST_38290,0.37096214,0.62903786
TEST_44670,0.0037471717,0.9962528
TEST_19389,0.99812394,0.0018760839
TEST_09141,0.7249615,0.27503845
TEST_35062,0.042241193,0.9577588
TEST_24271,0.9616802,0.038319807
TEST_04305,0.48659536,0.5134046
TEST_49234,0.96979403,0.030205984
TEST_42999,0.53992385,0.46007618
TEST_17822,0.08622997,0.91377
TEST_13850,0.0116367005,0.9883633
TEST_26407,0.00778938,0.9922106
TEST_44599,0.8818922,0.118107826
TEST_23347,0.7524059,0.2475941
TEST_31769,0.19701777,0.8029823
TEST_27242,0.005836573,0.99416345
TEST_05712,0.009535519,0.99046445
TEST_10855,0.00021777791,0.99978226
TEST_39517,0.0011789118,0.9988211
TEST_33854,0.010414594,0.98958546
TEST_34302,0.3054899,0.6945101
TEST_19258,0.025136122,0.9748639
TEST_08364,0.06840631,0.93159366
TEST_29854,0.21264288,0.7873571
TEST_06151,0.12291272,0.87708724
TEST_06426,0.27259776,0.72740227
TEST_02877,0.9848433,0.015156643
TEST_27433,3.0191533e-05,0.99996984
TEST_08819,6.7471633e-06,0.9999932
TEST_08389,0.73722297,0.262777
TEST_35862,0.053128004,0.946872
TEST_49975,0.50905955,0.49094042
TEST_04002,0.05443087,0.9455691
TEST_32350,0.60979474,0.39020523
TEST_01413,0.15419933,0.8458007
TEST_31794,0.9978042,0.0021958163
TEST_25498,0.021812063,0.9781879
TEST_25578,0.00081446255,0.9991855
TEST_14974,0.46339917,0.5366008
TEST_34971,0.3760082,0.6239917
TEST_06445,0.0073797074,0.9926202
TEST_49535,0.3439263,0.6560737
TEST_27809,0.5073962,0.49260375
TEST_02304,0.11280833,0.88719165
TEST_35911,0.23215498,0.76784503
TEST_08632,0.059859253,0.9401407
TEST_08540,0.59566665,0.40433335
TEST_02553,0.0014285899,0.9985714
TEST_01958,0.003741151,0.99625885
TEST_15788,0.00033770534,0.9996623
TEST_21833,0.86139435,0.13860561
TEST_07019,0.011391399,0.9886086
TEST_16057,0.900104,0.09989602
TEST_14001,0.1256181,0.87438184
TEST_30064,0.9408346,0.059165448
TEST_19748,0.7736433,0.22635673
TEST_44795,0.0031972136,0.9968028
TEST_36883,0.0005777846,0.9994222
TEST_02102,0.04879821,0.9512018
TEST_46038,0.96049565,0.03950428
TEST_37595,0.87265116,0.1273488
TEST_10338,3.4807093e-05,0.9999652
TEST_19234,0.026166089,0.97383386
TEST_14277,0.8277095,0.17229053
TEST_27319,0.9319416,0.06805836
TEST_21832,0.00037621713,0.9996238
TEST_44868,0.010864667,0.9891354
TEST_41942,0.5781499,0.4218501
TEST_36816,0.88008845,0.119911544
TEST_38995,9.703664e-05,0.99990296
TEST_06112,0.7170054,0.2829946
TEST_34895,0.0005348162,0.99946517
TEST_11357,0.12057585,0.87942415
TEST_09484,0.6388727,0.36112732
TEST_13482,0.31629497,0.68370503
TEST_49480,0.99292266,0.0070773643
TEST_02365,0.10636809,0.89363194
TEST_23386,0.3912813,0.6087187
TEST_18937,0.9434337,0.056566276
TEST_48292,0.95176333,0.04823664
TEST_09028,0.0033553818,0.9966446
TEST_08069,0.4981998,0.5018002
TEST_44817,0.57726747,0.4227326
TEST_25645,0.999534,0.00046601068
TEST_19439,0.002663864,0.9973361
TEST_01824,0.018213492,0.98178655
TEST_11719,0.0046873097,0.9953127
TEST_45940,0.28394374,0.7160562
TEST_03857,0.0025303166,0.99746966
TEST_42587,0.25318182,0.74681824
TEST_07699,0.0052244933,0.99477553
TEST_32511,0.014006247,0.98599374
TEST_26867,0.751475,0.248525
TEST_36979,0.003231322,0.9967687
TEST_34304,0.043466985,0.956533
TEST_29718,0.51376384,0.4862361
TEST_29664,0.38532996,0.61467004
TEST_44351,0.4489763,0.55102366
TEST_23660,0.20612052,0.79387945
TEST_37908,0.34213555,0.65786445
TEST_26055,0.07354743,0.9264525
TEST_39071,0.0017039574,0.9982961
TEST_47022,0.0073107886,0.9926892
TEST_14481,0.0026763692,0.99732363
TEST_40973,0.01446103,0.98553896
TEST_14246,0.15632525,0.8436747
TEST_07858,8.636216e-06,0.9999914
TEST_18810,0.66818833,0.33181167
TEST_20520,0.38921443,0.6107856
TEST_20820,0.18554439,0.8144556
TEST_39418,0.808542,0.19145796
TEST_11826,0.7665884,0.23341163
TEST_00154,0.9928489,0.00715116
TEST_14384,0.14230514,0.8576949
TEST_44715,0.15435296,0.84564704
TEST_03746,0.27585444,0.7241456
TEST_36616,0.04483358,0.95516646
TEST_27659,0.62122697,0.37877303
TEST_16549,0.0046778712,0.99532217
TEST_47338,0.05871394,0.9412861
TEST_39185,0.71063197,0.289368
TEST_13303,0.7012145,0.29878554
TEST_40465,0.0027729848,0.997227
TEST_31579,0.60126036,0.39873967
TEST_32171,0.026020607,0.9739794
TEST_22289,0.267083,0.732917
TEST_12188,0.5638319,0.43616804
TEST_33693,0.92918503,0.070814975
TEST_37721,0.62074393,0.37925607
TEST_25954,0.35134822,0.6486518
TEST_09004,0.48749685,0.51250315
TEST_27661,0.018966535,0.98103344
TEST_41311,0.39053565,0.60946435
TEST_30418,0.38703233,0.61296767
TEST_20500,0.00021766519,0.9997824
TEST_31366,0.6986317,0.30136833
TEST_01184,0.0041313227,0.9958687
TEST_32718,0.0047647324,0.99523526
TEST_29717,0.009624095,0.99037594
TEST_02900,0.03695409,0.96304595
TEST_36503,0.0013502461,0.9986498
TEST_40959,0.9999924,7.6281394e-06
TEST_14708,0.8336866,0.16631341
TEST_38860,0.71757096,0.282429
TEST_09326,0.0013630008,0.998637
TEST_25869,0.00060481194,0.99939513
TEST_40581,0.021232285,0.9787677
TEST_08071,0.92485666,0.07514339
TEST_18397,0.97705317,0.022946872
TEST_19962,0.0017271633,0.9982728
TEST_02014,0.0044837208,0.99551624
TEST_02621,0.10039711,0.8996029
TEST_01338,0.0001702314,0.99982977
TEST_05451,0.0006738129,0.9993262
TEST_40498,0.033067573,0.9669325
TEST_42664,0.08797925,0.91202074
TEST_04372,0.05602752,0.9439725
TEST_34951,0.015577129,0.98442286
TEST_37131,0.00014749926,0.99985254
TEST_29452,0.6601112,0.3398888
TEST_06702,0.9677221,0.032277897
TEST_45349,0.035099827,0.9649002
TEST_29250,0.0008900843,0.9991099
TEST_25860,0.00024512794,0.99975485
TEST_11980,0.0004031242,0.9995969
TEST_26017,0.06500503,0.934995
TEST_23076,0.4836521,0.5163479
TEST_44048,0.0060922937,0.99390775
TEST_47400,0.99993455,6.540667e-05
TEST_18887,0.97917694,0.02082308
TEST_22636,0.5515045,0.44849557
TEST_18483,0.041766245,0.9582337
TEST_12019,0.9998548,0.00014522986
TEST_37302,0.00018586335,0.9998142
TEST_10274,0.69454366,0.3054563
TEST_01786,0.019242527,0.9807575
TEST_30151,0.9936353,0.00636471
TEST_20573,0.19536792,0.80463207
TEST_26387,0.0008844808,0.9991155
TEST_17359,0.025174139,0.9748259
TEST_14171,0.56062657,0.4393734
TEST_35165,0.562439,0.43756095
TEST_47372,0.14378722,0.8562128
TEST_25569,0.88694155,0.113058455
TEST_44567,0.9999832,1.6749525e-05
TEST_35196,0.0049063466,0.9950937
TEST_39922,0.00021229162,0.99978775
TEST_38341,0.00038033113,0.9996196
TEST_33452,0.19891158,0.80108845
TEST_39283,0.45066312,0.54933685
TEST_32353,0.0008232649,0.9991767
TEST_33245,0.005216527,0.99478346
TEST_44255,0.0010412569,0.9989587
TEST_23810,0.99962604,0.00037398367
TEST_20179,0.015806466,0.9841935
TEST_28314,0.8715122,0.12848786
TEST_07538,0.95461273,0.04538728
TEST_21730,0.7234097,0.27659026
TEST_34099,0.997789,0.002210989
TEST_44833,0.75087035,0.24912964
TEST_43945,0.00045767555,0.99954236
TEST_24156,0.0006865348,0.9993135
TEST_46253,0.0011014767,0.9988985
TEST_14679,0.74547046,0.2545295
TEST_32525,0.00016274091,0.9998373
TEST_30823,0.00459841,0.9954016
TEST_33856,0.57532215,0.4246778
TEST_30285,0.1469961,0.8530039
TEST_15386,0.0735651,0.92643493
TEST_08714,0.0038022432,0.99619776
TEST_08340,0.016855475,0.9831445
TEST_20839,8.07977e-06,0.9999919
TEST_11721,0.70807916,0.29192084
TEST_17795,0.99739873,0.002601319
TEST_11360,0.620387,0.379613
TEST_34163,0.0045638885,0.99543613
TEST_29391,0.63026386,0.36973608
TEST_07690,0.00048106795,0.999519
TEST_44093,0.0022559823,0.9977441
TEST_05553,0.069907606,0.93009233
TEST_20123,0.00078566105,0.9992143
TEST_47912,0.008589086,0.99141085
TEST_14682,0.26085508,0.739145
TEST_43588,0.00040059505,0.9995994
TEST_02524,0.035512112,0.96448785
TEST_13642,0.08575933,0.91424066
TEST_41458,0.045507163,0.9544928
TEST_36256,0.52117753,0.47882244
TEST_39714,0.70420945,0.29579055
TEST_16202,0.93746746,0.062532514
TEST_33685,0.0033248982,0.99667513
TEST_41587,0.000869505,0.99913055
TEST_19141,0.0011170241,0.99888295
TEST_04926,0.0027559914,0.997244
TEST_16613,0.08730172,0.91269827
TEST_32588,0.119663574,0.88033646
TEST_18195,0.9985775,0.0014225432
TEST_23817,0.3467871,0.65321285
TEST_31390,0.9997267,0.0002732961
TEST_20129,0.020855375,0.97914463
TEST_42532,0.46444562,0.5355544
TEST_02439,0.28674048,0.7132595
TEST_45876,0.8793162,0.12068381
TEST_25415,0.033576112,0.9664239
TEST_42459,0.0037222179,0.99627775
TEST_02426,0.0042669917,0.99573296
TEST_16180,0.0011806294,0.9988193
TEST_11208,1.898444e-05,0.99998105
TEST_36308,0.0054125777,0.9945874
TEST_42225,0.030345002,0.96965504
TEST_07799,0.0036263273,0.9963736
TEST_39533,0.0006616091,0.9993383
TEST_06385,0.09717175,0.9028283
TEST_49132,0.9991357,0.0008643067
TEST_19033,0.9999715,2.8459963e-05
TEST_11232,0.6538752,0.34612486
TEST_28934,0.97167534,0.028324705
TEST_34059,0.013526282,0.9864738
TEST_41576,0.00079484965,0.9992052
TEST_24612,0.98896223,0.011037807
TEST_32568,0.0722631,0.9277369
TEST_25168,0.007334556,0.99266547
TEST_35979,0.12262722,0.8773728
TEST_31086,0.0075109154,0.9924891
TEST_42952,0.43217406,0.567826
TEST_00773,0.8984286,0.10157143
TEST_13489,0.708596,0.29140404
TEST_30564,0.9999367,6.327708e-05
TEST_12916,0.0059490753,0.9940509
TEST_35799,0.99110234,0.008897631
TEST_31147,0.040552795,0.9594472
TEST_11551,0.533939,0.46606103
TEST_25688,0.001235202,0.9987649
TEST_32380,0.030024122,0.9699758
TEST_12240,0.67795765,0.32204238
TEST_21467,0.18617922,0.81382084
TEST_20589,0.8891233,0.110876694
TEST_49364,0.0011025245,0.99889743
TEST_41922,0.7926504,0.20734963
TEST_34729,0.9998294,0.00017061376
TEST_21273,0.42254713,0.57745284
TEST_07925,2.4078318e-08,1.0
TEST_29647,0.0050090197,0.994991
TEST_04076,0.025964653,0.9740354
TEST_09126,0.019439273,0.9805608
TEST_16312,0.84226793,0.15773204
TEST_27931,0.16802545,0.83197457
TEST_44934,0.78898287,0.21101716
TEST_39496,0.18294612,0.81705385
TEST_00340,0.00095859816,0.9990414
TEST_42595,0.91559356,0.084406406
TEST_16348,0.960787,0.03921306
TEST_29086,0.13295066,0.86704934
TEST_11316,0.08721636,0.9127837
TEST_13715,6.823924e-08,0.9999999
TEST_45534,0.002390173,0.99760985
TEST_24223,0.97457,0.025430009
TEST_27504,0.087802924,0.91219705
TEST_35502,0.76257354,0.23742643
TEST_48462,0.033143703,0.96685636
TEST_04739,0.8597126,0.14028738
TEST_48052,0.0134182535,0.9865818
TEST_16463,0.99980944,0.00019059115
TEST_35181,0.009268079,0.9907319
TEST_16924,0.0001205281,0.9998795
TEST_42178,0.11599412,0.8840059
TEST_34816,0.9991849,0.00081513496
TEST_40620,0.9789469,0.021053096
TEST_00928,0.0035068647,0.99649316
TEST_12471,0.0023457252,0.99765426
TEST_20880,0.72293967,0.27706033
TEST_25877,0.012644497,0.98735553
TEST_12406,0.001851039,0.99814904
TEST_44679,0.8256752,0.17432486
TEST_28425,0.8121707,0.18782933
TEST_42457,0.05316877,0.94683117
TEST_12157,0.0011603157,0.9988397
TEST_39528,0.08777543,0.91222453
TEST_19828,0.00012265902,0.99987733
TEST_26934,0.037830573,0.96216947
TEST_40114,0.9999099,9.0118345e-05
TEST_34095,0.0056702225,0.9943297
TEST_37204,0.0022170257,0.997783
TEST_20318,5.212089e-07,0.9999995
TEST_46492,0.015966829,0.98403317
TEST_44241,0.009810976,0.990189
TEST_48841,0.7667341,0.23326586
TEST_22312,0.13280247,0.8671975
TEST_02233,0.01083245,0.9891676
TEST_42760,0.4466465,0.5533535
TEST_21042,0.003345532,0.9966544
TEST_28891,0.59331274,0.4066873
TEST_22444,0.19526029,0.80473965
TEST_08109,0.032948535,0.9670515
TEST_44501,0.044230286,0.9557697
TEST_23875,0.045551624,0.9544484
TEST_40816,0.97936636,0.020633614
TEST_45024,0.0090946285,0.9909054
TEST_11412,0.27613994,0.7238601
TEST_48850,0.6450149,0.35498512
TEST_30457,0.00023617857,0.9997638
TEST_07962,0.9099419,0.09005813
TEST_17612,0.8339519,0.16604812
TEST_19110,0.07430687,0.92569315
TEST_44419,3.6142035e-05,0.9999639
TEST_27781,0.15603945,0.8439605
TEST_19633,0.18660171,0.81339824
TEST_27288,0.8889972,0.111002795
TEST_45598,0.3129092,0.6870908
TEST_45298,0.002510666,0.99748933
TEST_11923,0.00027069123,0.99972934
TEST_07774,0.035576712,0.9644233
TEST_22044,0.0013252597,0.99867475
TEST_31984,0.00067521865,0.9993248
TEST_20501,0.00011413968,0.9998858
TEST_46974,0.9411762,0.058823876
TEST_28957,0.36102703,0.63897294
TEST_26951,0.010029934,0.98997
TEST_48169,0.044268783,0.9557313
TEST_38093,0.0036781698,0.9963218
TEST_39495,0.0007677503,0.9992323
TEST_20451,0.62349844,0.37650156
TEST_33031,0.0014456222,0.9985544
TEST_41246,0.041088138,0.9589119
TEST_18349,0.941739,0.058260992
TEST_21215,0.00066216267,0.99933785
TEST_39754,0.9982469,0.001753064
TEST_38547,0.8389639,0.16103606
TEST_31000,0.099085264,0.9009147
TEST_13286,0.824622,0.17537807
TEST_48824,0.9143393,0.08566066
TEST_07997,0.005355622,0.9946444
TEST_38134,6.639037e-05,0.9999336
TEST_12713,0.5638695,0.43613052
TEST_44853,0.006190695,0.9938093
TEST_03607,0.90817875,0.09182126
TEST_27238,0.667205,0.33279505
TEST_45727,0.99777216,0.002227779
TEST_15872,0.00049261795,0.9995074
TEST_16037,0.11077017,0.8892298
TEST_32642,0.9587811,0.041218888
TEST_13226,0.012412359,0.98758763
TEST_26374,0.038712677,0.96128726
TEST_38347,0.05649456,0.94350547
TEST_06743,0.007598419,0.9924016
TEST_28160,0.023380922,0.97661906
TEST_27022,0.0023367293,0.99766326
TEST_46691,0.40592206,0.5940779
TEST_02066,0.98058665,0.019413367
TEST_17092,0.9724205,0.02757949
TEST_05286,0.031376496,0.9686235
TEST_12267,0.08213876,0.9178612
TEST_21151,2.2408851e-06,0.99999774
TEST_10754,0.94816184,0.05183817
TEST_00082,0.26163927,0.73836076
TEST_10144,0.00076242065,0.99923754
TEST_26744,0.014450162,0.98554987
TEST_18866,0.07272181,0.92727816
TEST_29589,4.4712575e-05,0.9999553
TEST_31161,0.95647424,0.043525796
TEST_21315,0.93865997,0.06134
TEST_22752,0.06244963,0.93755037
TEST_00981,0.016859379,0.98314065
TEST_12130,0.0057464447,0.9942536
TEST_34553,0.0073528923,0.9926472
TEST_06285,0.011708692,0.9882913
TEST_34753,0.4461663,0.5538337
TEST_02405,0.012695581,0.9873044
TEST_06308,0.55455816,0.4454418
TEST_30105,0.0011313957,0.9988686
TEST_31274,0.032296877,0.9677031
TEST_21696,0.17135386,0.8286462
TEST_11990,0.9999367,6.330902e-05
TEST_25866,0.9655155,0.034484476
TEST_03649,0.8437844,0.15621562
TEST_43735,0.25067034,0.7493297
TEST_25792,0.9999355,6.4474545e-05
TEST_15153,0.00014375646,0.99985623
TEST_45810,0.16351919,0.83648086
TEST_46433,0.38474858,0.6152514
TEST_15679,0.0014356211,0.9985644
TEST_18004,0.08395901,0.916041
TEST_11226,0.0020777755,0.99792224
TEST_35897,0.0020133283,0.9979867
TEST_26510,0.99992514,7.486372e-05
TEST_38940,0.0010548554,0.9989452
TEST_32536,0.6449592,0.35504076
TEST_12455,0.72422194,0.27577806
